<?xml version="1.0" encoding="UTF-8"?>
<project-private xmlns="http://www.netbeans.org/ns/project-private/1">
    <editor-bookmarks xmlns="http://www.netbeans.org/ns/editor-bookmarks/2" lastBookmarkId="0"/>
    <open-files xmlns="http://www.netbeans.org/ns/projectui-open-files/2">
        <group>
            <file>file:/C:/xampp/htdocs/CodeIgniter/application/views/exam_test.php</file>
            <file>file:/C:/xampp/htdocs/CodeIgniter/application/models/exam_model.php</file>
            <file>file:/C:/xampp/htdocs/CodeIgniter/application/controllers/TimeTable_con.php</file>
            <file>file:/C:/xampp/htdocs/CodeIgniter/application/models/TimeTable.php</file>
            <file>file:/C:/xampp/htdocs/CodeIgniter/application/controllers/exam_con.php</file>
            <file>file:/C:/xampp/htdocs/CodeIgniter/application/views/Home_s.php</file>
            <file>file:/C:/xampp/htdocs/CodeIgniter/application/views/show_data.php</file>
        </group>
    </open-files>
</project-private>
